Código de Referencia,Nombre del Producto,Descripción,Talles,Colores,Precio Lista,Efectivo,Fotos Cargadas ✅,Link Carpeta Drive
4025108OV,Buzo ZABA,Buzo oversize canguro con estampa,S - M - L - XL,BLANCO,$88.600,$68.200,TRUE,Buzo Zaba
558,Gorra gabardina,Gorra de gabardina bordada,,Negro,$44.500,$34.200,TRUE,558
4025096BF,Buzo Kal,Buzo de corte boxy fit en degrade ,S-M-L,NEGRO,$103.200,$79.400,TRUE,4025096BF
4025096BF,Buzo Kal,Buzo de corte boxy fit en degrade ,S-M-L,BEIGE,$103.200,$79.400,TRUE,4025096BF (1)
7025087,Sweater Agner,Sweater tejido a dos tonos,S-M-L,NEGRO,$99.800,$76.800,TRUE,7025087
7025087,Sweater Agner,Sweater tejido a dos tonos,S-M-L,NEGRO,$99.800,$76.800,TRUE,7025087 (1)
4025036BF,Buzo Noshaq,Buzo de corte boxy fit en degrade ,S-M-L,BEIGE,$103.200,$79.400,TRUE,4025036BF
4025036BF,Buzo Noshaq,Buzo de corte boxy fit en degrade ,S-M-L,BEIGE,$103.200,$79.400,TRUE,4025036BF (1)
4025096BF,Buzo Kal,Buzo de corte boxy fit en degrade ,S-M-L,NEGRO,$103.200,$79.400,TRUE,4025096BF (2)
4025108OV,Buzo Zaba,Buzo de corte oversize de friza,S - M - L - XL,BLANCO,$88.600,$68.200,TRUE,4025108OV (1)
4025108OV,Buzo Zaba,Buzo de corte oversize de friza,S - M - L - XL,BLANCO,$88.600,$68.200,TRUE,Buzo Zaba (1)
3025130,Campera Hubbard,Campera estilo pufer con capucha escondida,S-M-L-XL,NEGRO,$121.000,$93.600,TRUE,3025130
3025130,Campera Hubbard,Campera estilo pufer con capucha escondida,S-M-L-XL,NEGRO,$121.000,$93.600,TRUE,3025130 (1)
80016V,Campera de abrigo,Campera inflable con interior interno de frisa,M-L-XL,MARRÓN,$143.000,$110.000,TRUE,80016V
80016V,Campera de abrigo,Campera inflable con interior interno de frisa,M-L-XL,MARRÓN,$143.000,$110.000,TRUE,80016V (1)
3025105,Campera Bert,Campera tipo polar con interior de piel,M-L,NEGRO,$101.000,$77.800,TRUE,3025105
3025105,Campera Bert,Campera tipo polar con interior de piel,M-L,NEGRO,$101.000,$77.800,TRUE,3025105 (1)
3025105,Campera Bert,Campera tipo polar con interior de piel,M-L,BEIGE,$101.000,$77.800,TRUE,3025105 (2)
3025105,Campera Bert,Campera tipo polar con interior de piel,M-L,BEIGE,$101.000,$77.800,TRUE,3025105 (3)
366V,Campera Parka,Campera de abrigo largo,L-XL,NEGRO,$169.000,$130.000,TRUE,366V
366V,Campera Parka,Campera de abrigo largo,L-XL,NEGRO,$169.000,$130.000,TRUE,366V (1)
1025119,Jogging meron,Jogging de frisa con botamanga regulable,S-M-L-XL,BEIGE,$70.700,$54.400,TRUE,1025119
1025119,Jogging meron,Jogging de frisa con botamanga regulable,S-M-L-XL,BEIGE,$70.700,$54.400,TRUE,1025119 (1)
1025119,Jogging meron,Jogging de frisa con botamanga regulable,S-M-L-XL,NEGRO,$70.700,$54.400,TRUE,1025119 (2)
1025119,Jogging meron,Jogging de frisa con botamanga regulable,S-M-L-XL,NEGRO,$70.700,$54.400,TRUE,1025119 (3)
1025057,Jean Sant,Jean mom clasico 100% denim,38/40/42/44/46,CELESTE,$80.300,$61.800,TRUE,1025057
,Jean Sant,Jean mom clasico 100% denim,38/40/42/44/46,CELESTE,$80.300,$61.800,TRUE,1025057 (1)
,Jean Sant,Jean mom clasico 100% denim,38/40/42/44/46,CELESTE,$80.300,$61.800,TRUE,1025057 (2)
1025132,Cargo Cabox,cargo con cintura elastizada  de microfibra,38/40/42/44/46,BLANCO,$108.100,$83.200,TRUE,1025132
1025131,Cargo Robson,cargo con cintura elastizada  de microfibra,38/40/42/44/46,NEGRO,$108.100,$83.200,TRUE,1025131
,Cargo Robson,cargo con cintura elastizada  de microfibra,38/40/42/44/46,NEGRO,$108.100,$83.200,TRUE,1025131 (1)
695,Perfumes,Perfumes de 100ml ,,,$49.900,$38.400,TRUE,695
671,Cintos,Cintos 100% de cuero,95/100/105,NEGRO,$36.400,$28.000,FALSE,
558,GORRA,Gorra de gabardina bordada,,GRIS,$44.500,$34.200,TRUE,558 (1)
558,GORRA,Gorra de gabardina bordada,,MARRÓN,$44.500,$34.200,TRUE,558 (2)
558,GORRA,Gorra bordada prelavada,,GRIS,$44.500,$34.200,TRUE,558 (3)
94,Boxer,Boxer de algodón suave con elástico,,,$18.800,,TRUE,94
2,Riñonera,Riñonera amplia con compartimentos,,VERDE,$54.300,$41.800,TRUE,2
4025098OV,Buzo Chuli,Buzo canguro de frisa estampado,S/M/L,MARRÓN,$88.600,$68.200,TRUE,4025098OV
4025098OV,Buzo Chuli,Buzo canguro de frisa estampado,S/M/L,MARRÓN,$88.600,$68.200,TRUE,4025098OV (1)
4025098OV,Buzo Chuli,Buzo canguro de frisa estampado,S/M/L,BEIGE,$88.600,$68.200,TRUE,4025098OV (2)
4025098OV,Buzo Chuli,Buzo canguro de frisa estampado,S/M/L,BEIGE,$88.600,$68.200,TRUE,4025098OV (3)
3025097,Campera Tara,"Campera corderoy con capucha, interior de corderito",S/M/L/XL,MARRÓN,$125.000,$96.000,TRUE,3025097
3025097,Campera Tara,"Campera corderoy con capucha, interior de corderito",S/M/L/XL,MARRÓN,$125.000,$96.000,TRUE,3025097 (1)
3025097,Campera Tara,"Campera corderoy con capucha, interior de corderito",S/M/L/XL,MARRÓN,$125.000,$96.000,TRUE,3025097 (2)
1025114,Jean Round,Jean baggy negro desgastado bolsillos grandes,38/40/42/44/46,NEGRO,$80.300,$61.800,TRUE,1025114
1025114,Jean Round,Jean baggy negro desgastado bolsillos grandes,38/40/42/44/46,NEGRO,$80.300,$61.800,TRUE,1025114 (1)
1025114,Jean Round,Jean baggy negro desgastado bolsillos grandes,38/40/42/44/46,NEGRO,$80.300,$61.800,TRUE,1025114 (2)
5025125OV,Remera Toja,Remera oversize con tela de micropiqué,S/M/L,NEGRO,$42.900,$33.000,TRUE,5025125OV
5025125OV,Remera Toja,Remera oversize con tela de micropiqué,S/M/L,NEGRO,$42.900,$33.000,TRUE,5025125OV (1)
5025125OV,Remera Toja,Remera oversize con tela de micropiqué,S/M/L,GRIS,$42.900,$33.000,TRUE,5025125OV (2)
5025125OV,Remera Toja,Remera oversize con tela de micropiqué,S/M/L,GRIS,$42.900,$33.000,TRUE,5025125OV (3)
5025126R,Remera Cate,Remera de micropiqué de corte regular,S/M/L/XL,NEGRO,$42.900,$33.000,TRUE,5025126R
5025126R,Remera Cate,Remera de micropiqué de corte regular,S/M/L/XL,NEGRO,$42.900,$33.000,TRUE,5025126R (1)
5025126R,Remera Cate,Remera de micropiqué de corte regular,S/M/L/XL,GRIS,$42.900,$33.000,TRUE,5025126R (2)
5025126R,Remera Cate,Remera de micropiqué de corte regular,S/M/L/XL,GRIS,$42.900,$33.000,TRUE,5025126R (3)
P02,Pantalon cargo,Cargo de gabardina con multiples bolsillos,40/42/44/46,GRIS,$108.100,$83.200,TRUE,P02
P02,Pantalon cargo,Cargo de gabardina con multiples bolsillos,40/42/44/46,GRIS,$108.100,$83.200,TRUE,P02 (1)
1025064,Jean Kofel,"Jean recto, detalles limpios, ruedo ancho",40/42/44/46,GRIS,$88.600,$68.200,TRUE,1025064
1025064,Jean Kofel,"Jean recto, detalles limpios, ruedo ancho",40/42/44/46,GRIS,$88.600,$68.200,TRUE,1025064 (1)
Sección Femenina,,,,,,,FALSE,
4023115D,Buzo colors,"Corto de frisa, canchero, Fit relajado",S/M/L,BEIGE,$37.400,"$28,800",TRUE,4023115D
4023115D,Buzo colors,"Corto de frisa, canchero, Fit relajado",S/M/L,BEIGE,$37.400,"$28,800",TRUE,4023115D (1)
4023115D,Buzo colors,"Corto de frisa, canchero, Fit relajado",S/M/L,NEGRO,$37.400,"$28,800",TRUE,4023115D (2)
4001037F,Buzo horeb,"Buzo de frisa, cuello redondo, fit relajado",S/M/L,BEIGE,$59.500,$45.800,TRUE,4001037F
4001037F,Buzo horeb,"Buzo de frisa, cuello redondo, fit relajado",S/M/L,BEIGE,$59.500,$45.800,TRUE,4001037F (1)
4001035F,Buzo Kan,"Hoodie de frisa, detalles premium y capucha amplia",S/M/L,BEIGE,$70.700,$54.400,TRUE,4001035F
4001035F,Buzo Kan,"Hoodie de frisa, detalles premium y capucha amplia",S/M/L,BEIGE,$70.700,$54.400,TRUE,4001035F (1)
4001035F,Buzo Kan,"Hoodie de frisa, detalles premium y capucha amplia",S/M/L,MARRÓN,$70.700,$54.400,TRUE,4001035F (2)
4001035F,Buzo Kan,"Hoodie de frisa, detalles premium y capucha amplia",S/M/L,MARRÓN,$70.700,$54.400,TRUE,4001035F (3)
1025028F,CARGO EIGER,"Pantalon de gabardina, modelo tipo cargo",38/40/42,BEIGE,$84.500,$65.000,TRUE,1025028F
1025028F,CARGO EIGER,"Pantalon de gabardina, modelo tipo cargo",38/40/42,BEIGE,$84.500,$65.000,TRUE,1025028F (1)
1025028F,CARGO EIGER,"Pantalon de gabardina, modelo tipo cargo",38/40/42,NEGRO,$84.500,$65.000,TRUE,1025028F (2)
1025028F,CARGO EIGER,"Pantalon de gabardina, modelo tipo cargo",38/40/42,NEGRO,$84.500,$65.000,TRUE,1025028F (3)
1001031F,Jean Dowel,Jean habano con estructura y lavado acid wash,38/40/42,MARRÓN,$88.600,$68.200,TRUE,1001031F
1001031F,Jean Dowel,Jean habano con estructura y lavado acid wash,38/40/42,MARRÓN,$88.600,$68.200,TRUE,1001031F (1)
1001026F,Jean Rimo,"Jean clasico, recto con detalles que lo sacan de lo común",38/40/42,CELESTE,$83.200,$64.000,TRUE,1001026F
1001026F,Jean Rimo,"Jean clasico, recto con detalles que lo sacan de lo común",38/40/42,CELESTE,$83.200,$64.000,TRUE,1001026F (1)
1001011F,Jean Salk,"Jean con un corte baggy, ajustado a la cintura",38/40/42/44,AZUL,$81.100,$62.400,TRUE,1001011F
1001011F,Jean Salk,"Jean con un corte baggy, ajustado a la cintura",38/40/42/44,AZUL,$81.100,$62.400,TRUE,1001011F (1)
1001011F,Jean Salk,"Jean con un corte baggy, ajustado a la cintura",38/40/42/44,AZUL,$81.100,$62.400,TRUE,1001011F (2)